{"cameraMode":{"drawMode":0,"name":"Shaded","section":"Shading Mode"},"sceneLighting":true,"audioPlay":false,"sceneViewState":{"m_AlwaysRefresh":false,"showFog":true,"showSkybox":true,"showFlares":true,"showImageEffects":true,"showParticleSystems":true,"showVisualEffectGraphs":true,"m_FxEnabled":true},"in2DMode":false,"pivot":{"x":0.05057954415678978,"y":-0.4702179431915283,"z":3.657095193862915},"rotation":{"x":-0.1616477221250534,"y":0.49163419008255007,"z":-0.09343482553958893,"w":-0.8505553007125855},"size":2.7281808853149416,"orthographic":false}